mse,rmse,mae,wape,smape,stock_aware_loss,valid_demand_rows,censored_rows_excluded,matched_rows,matched_series,expert_usage_entropy,avg_active_experts,max_active_experts,runtime_seconds
9.767325212706965,3.1252720221937427,2.3265826857359544,0.43885609605912196,0.7077233401525146,4.511786867810441,408,0,408,24,0.9999761727277854,1.875,2,236.823
